order_id,customer_id,restaurant_id,order_date,delivery_time,status,total_amount,payment_mode,discount_applied,feedback_rating
52731a20-a880-4d4d-82c8-993e55080ef9,68acfd1e-5618-4b98-a829-355e637762e6,acae7721-3d8a-443a-9432-a3ea67043594,2024-10-03 01:51:28,2024-10-03 02:37:28,Delivered,192.15,Cash,15.33,4.11
ab5ec016-5c56-4726-acc5-ce3b8b36bb27,501f5402-f699-4c7a-8b92-4e2ecf3280bc,dfec44d0-1e3c-48d1-8c77-b1d49f331df7,2024-09-01 17:36:51,,Cancelled,121.49,UPI,14.17,4.65
d9418e57-5384-4687-92dc-522ec22ea2f5,80fbe5a8-993a-4534-8d15-d451eb35547d,d1f1baa5-10b6-432c-a32f-41130f005a6c,2024-04-28 23:10:44,2024-04-29 00:31:44,Delivered,103.6,Cash,16.21,1.84
bbfe5906-a4af-4c3e-9236-904b597b0579,cc5aadbf-5f80-43a3-9867-fd712c21e7aa,844f0488-8b27-4f18-9754-e20d2016bcd6,2024-05-16 13:04:28,,Cancelled,40.19,UPI,18.84,4.45
0f45cfcd-5799-45b5-94a4-9b8cda6fbc79,3160c53e-2f7b-4a80-bd4b-7e18777d6837,d31561f4-5fea-4c14-b5ee-be65e133f76e,2024-02-03 00:55:51,2024-02-03 02:31:51,Delivered,123.9,UPI,16.8,2.77
58a28095-fdb7-427c-8270-2a8c6d70a6d6,41fa8487-c71b-499f-8ce5-97bc828a8ac9,b417e1b5-f190-4d08-be09-ce3b2d8d2d8f,2023-12-22 04:45:32,2023-12-22 05:49:32,Delivered,57.32,Cash,7.55,1.29
1dcee528-9e4c-47c4-b183-195a93a56bc8,64ec2402-9e1c-44c8-8889-edd9498c578d,acae7721-3d8a-443a-9432-a3ea67043594,2023-12-29 11:53:57,,Pending,41.6,Cash,9.47,4.21
f3a429b7-665c-4410-be17-595761fc1388,1e23b3bf-9b80-4031-9af8-f2a1a0a782bb,acae7721-3d8a-443a-9432-a3ea67043594,2024-11-16 16:09:13,,Cancelled,13.17,Cash,1.43,1.44
d49e5e97-477a-480d-9c5a-eabdca7ee5cd,cb8048a0-0e62-4f72-9e7b-076a25b003ce,a2efc75f-fe0d-4e95-9b57-30ffaa6fee03,2024-09-25 12:25:27,,Cancelled,134.69,UPI,19.07,2.13
dd6d843a-373d-4688-9f34-d770c32fc566,f82e345f-40dc-4ac5-a8ac-7855b6c54cbf,ea7f323f-5e72-4079-ac03-00ba921e6b3a,2024-04-06 00:13:54,,Cancelled,74.9,UPI,9.89,1.68
d33ab539-c4c3-4867-9966-c4a1de4ddc18,7e1711e1-885b-4bc4-b465-fcdb902dbf33,d1f1baa5-10b6-432c-a32f-41130f005a6c,2024-07-18 10:06:45,,Pending,35.27,Cash,7.4,3.16
442fe26b-f6fc-42af-ae83-bdec51d2a2b8,21a04a39-f319-48f3-b559-bf6079540c0b,05803d68-0fbb-470b-ba25-fbb04cd65686,2024-01-28 15:17:53,2024-01-28 17:03:53,Delivered,135.47,UPI,13.52,3.24
cfd6945d-8b1b-45ab-a402-6d716047fa74,df5338f3-a92d-4e04-a0ba-75e9bf80e9d7,c74bb9a7-006c-462f-bc6f-290f3862dc3c,2024-09-28 06:03:09,2024-09-28 07:45:09,Delivered,92.97,UPI,5.63,1.31
e3b3033d-e307-456a-b272-a68ad62ab668,f4225bca-651f-482e-967f-a2608b80ed3f,c9a32ac9-3528-4425-8a4c-dd8a0e3e55f2,2024-11-24 07:19:19,,Cancelled,98.5,UPI,8.03,4.6
2628f49b-0d09-47d7-9907-159bbf41753c,7323deff-bf93-4ec8-99e5-16e922878d69,949e15ec-6c39-44f1-9435-599f8696979a,2024-03-24 23:58:42,,Pending,143.9,UPI,1.51,3.76
3689b6e1-8fb9-4e50-b68b-51e603bf8d12,d1d93c56-4aaf-4ce4-be44-68e95bdc42b4,949e15ec-6c39-44f1-9435-599f8696979a,2024-11-28 02:57:53,,Cancelled,14.0,UPI,6.81,3.51
8c0c3dca-f2c7-4f39-bb96-f2040da272a9,61ada594-b9f1-42ea-923a-93bfc25199cf,c9888536-ed95-456e-8974-afd6ec677089,2024-06-01 09:29:20,,Pending,101.59,Cash,7.86,2.07
d601d6cb-3017-47ad-a4df-7f7bc6f1921e,eb4882b8-0b52-43a4-b345-083022687625,647b56ce-abec-4ac9-8f26-5c31656b7999,2024-10-08 17:50:49,2024-10-08 19:27:49,Delivered,119.1,Cash,4.9,2.75
fe261d34-c1ca-44af-b7f9-bef226f9b88e,3c8adc3a-b16d-4f5c-a966-72988911ff70,d215c5fd-d0fa-4fc6-97b0-a3b7b0ab5a6f,2023-12-13 05:02:30,2023-12-13 05:55:30,Delivered,104.96,UPI,9.22,1.81
1ea7fa01-b4b0-4ccc-a654-b8f3931a542a,cb8048a0-0e62-4f72-9e7b-076a25b003ce,e4eb2ef6-fa7c-441c-af34-450f233d4cfe,2023-12-27 23:19:42,,Cancelled,156.32,Credit Card,0.53,4.09
8fb36ee9-bd6f-40fd-8feb-17ff642e8b0d,949a4d96-90d9-4fa3-8593-8f553095c1b3,b417e1b5-f190-4d08-be09-ce3b2d8d2d8f,2024-09-05 03:25:17,,Cancelled,23.16,Credit Card,15.91,4.74
4c6dc8cc-0cc3-48b0-b293-48d0dd02716b,61dddc6a-90ee-44e2-a9d2-b9c46bb2de63,ce7dfb42-e3d1-48a1-b705-41da6143c620,2024-08-19 21:45:46,,Pending,65.63,Credit Card,10.66,2.96
fba856f9-2ab5-427d-b9d7-cc5f07cce27e,a58e1bee-2cfd-4af6-b269-9ca32efbb01a,dfec44d0-1e3c-48d1-8c77-b1d49f331df7,2024-05-21 09:20:47,,Cancelled,30.21,Credit Card,1.09,4.7
c142b0e5-2878-4afc-9fbe-c1680767e591,49e5aaee-c4f5-4190-a454-1593e6f46b75,c9a32ac9-3528-4425-8a4c-dd8a0e3e55f2,2024-08-08 16:06:51,,Cancelled,64.4,UPI,13.9,4.99
f3b27d3f-bf5f-4385-b369-9ba36b7d2ff8,cfd6ce76-1b39-4488-b645-22f13e0f102d,3a5198e0-3a34-42f6-94f8-76d06f4936dd,2024-07-21 14:38:51,,Cancelled,198.16,Credit Card,0.6,2.08
0e214bd9-dfd9-44fc-9705-857f0536fb67,3e2be0d1-3abe-4ab2-bbd0-c8119e30a948,1bf58b57-b13b-4318-8eb8-a8ef42ba9202,2024-01-23 21:41:04,,Cancelled,141.1,UPI,14.49,1.81
e4995c3e-07a4-4279-945b-49cd1d36845e,d27084c2-8537-44a8-8c1e-78b610a3002e,e030ed39-e81e-4ca1-919b-25f8a0e7c2de,2024-03-07 22:49:07,,Pending,120.21,UPI,0.56,4.77
c937adb9-ddc9-4db8-a9af-a75869e08454,cfd6ce76-1b39-4488-b645-22f13e0f102d,db6f9bc8-cd81-4fe0-ad29-2bea27ae7b47,2024-11-17 21:14:50,,Pending,138.43,UPI,8.11,4.18
17a3f0ef-f5e6-4041-9bf4-a1925132b9bb,db2fdc04-c361-4cfe-8255-3a4f46915068,137b31ec-95f3-4661-b8a0-587691ac3b0f,2024-06-18 01:56:18,,Cancelled,120.68,UPI,2.38,2.53
bb87bf41-7211-45e8-b798-8521c4b854ab,c90c32e3-20e2-4d76-abb7-cadda33f4f5f,1bf58b57-b13b-4318-8eb8-a8ef42ba9202,2023-12-11 15:23:20,,Pending,80.04,UPI,12.49,4.42
1f5a4dcb-0b82-4821-95b8-2be9bf2ceb87,e3ec0aaa-c860-40f9-9528-9d4c8f1e780b,90df8470-e1e0-4147-8d71-bee65b09b632,2024-06-03 02:55:23,,Pending,167.21,UPI,13.96,4.94
6661716c-c775-401a-bada-943b6ee80c21,c1b250f6-3606-4c43-a04b-17decf705e44,844f0488-8b27-4f18-9754-e20d2016bcd6,2024-05-14 02:20:41,,Cancelled,120.31,Credit Card,1.83,1.95
53ce8987-42de-46e1-a4ab-d31b81e76ec8,fe110556-d07a-4b2f-8917-b611818c07fc,f338b9b5-1065-46f2-8d89-0d5c8f2f6766,2024-08-30 16:29:17,,Pending,154.39,Credit Card,0.35,4.2
7ff3f5cf-706d-4102-83d0-d63bcedfa64b,009d7765-f3f9-4591-b91d-9b80148da569,359d3037-2413-4278-bb2c-cb9f8ffc3102,2024-04-05 16:12:38,,Cancelled,25.42,Cash,3.5,3.91
1a531ec5-a7eb-4483-b28e-cce29c332ec7,df5338f3-a92d-4e04-a0ba-75e9bf80e9d7,24d739f7-460e-4ce2-90f8-d83ad9b89b60,2024-06-21 22:07:12,,Pending,192.33,Credit Card,11.53,4.21
a8313b18-26dd-4c0e-979e-6cbd899bef32,df5338f3-a92d-4e04-a0ba-75e9bf80e9d7,24d739f7-460e-4ce2-90f8-d83ad9b89b60,2024-08-23 09:19:12,,Cancelled,81.31,Credit Card,0.7,4.98
d5ba7c1a-c5f7-4f08-95e7-cace6f7b50f5,7baec65c-19ff-4d68-96b0-c7071e07d317,137b31ec-95f3-4661-b8a0-587691ac3b0f,2024-01-31 05:23:46,,Cancelled,15.14,Credit Card,5.4,3.13
b41e5597-ee04-44af-b1bb-9bf77b91811d,501f5402-f699-4c7a-8b92-4e2ecf3280bc,d1f1baa5-10b6-432c-a32f-41130f005a6c,2024-10-05 12:01:06,,Cancelled,137.58,Credit Card,3.54,2.43
db97f871-9308-43d3-a5e2-fdaaa7a11e9c,f02c4f90-ba55-451a-9a04-301bf29e0d9d,acae7721-3d8a-443a-9432-a3ea67043594,2024-01-07 04:32:45,,Cancelled,43.79,UPI,13.06,4.01
ad448a16-2ac0-4f5b-9c8a-c2a844da1e2d,0042c802-4ee1-4d21-89f6-2ce4310bd92c,c9888536-ed95-456e-8974-afd6ec677089,2024-09-14 14:20:18,,Cancelled,56.58,UPI,1.01,3.01
2b4ee019-4859-4dfe-b587-f4c9bc88870e,97ff1520-b1b1-4658-b559-0bdadd597143,f654c38e-30c0-427d-bfca-d77356df6ae4,2024-05-31 16:15:09,,Pending,189.85,UPI,16.98,3.05
64a062c5-d396-4897-aeff-d9d61a6eda17,eb4882b8-0b52-43a4-b345-083022687625,f654c38e-30c0-427d-bfca-d77356df6ae4,2024-04-07 13:39:37,,Cancelled,146.84,UPI,8.23,1.87
69be0c6c-ad61-4581-b1ce-0f8b1699bf00,d1d93c56-4aaf-4ce4-be44-68e95bdc42b4,1bf58b57-b13b-4318-8eb8-a8ef42ba9202,2024-05-14 14:34:29,,Pending,79.08,Credit Card,11.81,1.64
d22a4e8c-78f0-4acd-9bac-64fbdffdb1fe,8bb1c791-8d7f-40d3-be72-422f7fafa8b4,24d739f7-460e-4ce2-90f8-d83ad9b89b60,2024-09-21 15:48:15,,Pending,173.8,Cash,13.84,2.84
93f05bc9-7c19-403f-9e84-75fad6d4df7b,80fbe5a8-993a-4534-8d15-d451eb35547d,949e15ec-6c39-44f1-9435-599f8696979a,2024-09-04 02:21:51,2024-09-04 03:13:51,Delivered,154.76,Cash,0.15,4.81
88f74196-ab88-4709-a88b-b3fee40c2419,61dddc6a-90ee-44e2-a9d2-b9c46bb2de63,64c20721-9688-4d06-8c92-58685f145274,2024-08-06 08:22:08,2024-08-06 10:13:08,Delivered,26.34,Cash,8.02,2.35
0de5d79d-9f65-42d3-9365-e1cecb413d7f,f4225bca-651f-482e-967f-a2608b80ed3f,dfec44d0-1e3c-48d1-8c77-b1d49f331df7,2024-01-23 13:24:57,,Pending,191.46,UPI,11.21,2.29
cc796075-41dd-4c64-9b79-de7c608fb846,4d647e22-3724-46a2-8bde-9ce277295d59,36d29c41-adf3-4fb7-9820-b5926d2efd55,2024-08-14 07:13:17,,Cancelled,50.83,UPI,4.07,2.74
90a17133-4166-4f20-bac9-6c62feedc971,d27084c2-8537-44a8-8c1e-78b610a3002e,e026cee6-dcd1-4076-a353-7f41b9c0be43,2024-09-10 18:30:33,,Cancelled,173.22,UPI,12.19,4.94
b0c67d42-22a9-49e4-bace-b220f671a7a0,6273846c-7e67-4d7b-8a45-a20a48e4ab33,dfec44d0-1e3c-48d1-8c77-b1d49f331df7,2024-07-23 02:30:18,2024-07-23 02:52:18,Delivered,36.08,UPI,10.7,4.93
70082c19-d152-4052-9832-99a9608aed53,0859cbec-a92f-4f58-b84d-1246d63f2e45,9ea1b32a-6670-4e58-822b-2c5eeb05031a,2024-10-28 08:56:09,,Cancelled,184.9,UPI,10.34,2.11
6dc5c8b6-7877-4e09-a088-f66feabaec23,9ecc5ce8-c80f-4aee-9ce8-0a8f6c33440f,e026cee6-dcd1-4076-a353-7f41b9c0be43,2024-05-24 19:45:18,,Pending,184.88,Credit Card,3.34,1.08
c92033da-2a3e-4e86-b4b7-84cae891850f,7e1711e1-885b-4bc4-b465-fcdb902dbf33,c74bb9a7-006c-462f-bc6f-290f3862dc3c,2024-04-04 20:51:46,,Pending,73.61,Credit Card,1.39,3.61
681f520e-86e8-43ad-9d15-99c5a19f20a6,97ff1520-b1b1-4658-b559-0bdadd597143,1837f734-540a-4e5f-a579-e9487799f444,2023-12-20 14:48:37,,Pending,124.73,UPI,7.03,4.81
70c982c8-714e-4219-9bda-b3f40679274a,0859cbec-a92f-4f58-b84d-1246d63f2e45,ce7dfb42-e3d1-48a1-b705-41da6143c620,2024-03-15 13:08:54,2024-03-15 14:33:54,Delivered,88.08,UPI,13.12,2.31
be6d661b-6d62-40f9-acf4-cb335d7411bc,c90c32e3-20e2-4d76-abb7-cadda33f4f5f,c74bb9a7-006c-462f-bc6f-290f3862dc3c,2024-08-02 01:36:43,,Pending,60.31,UPI,7.25,3.15
1ed400af-da24-44c5-8ca4-7dd7b1bd012c,07507c8e-6c7b-4bdf-8ab9-f144efa60d8c,1bf58b57-b13b-4318-8eb8-a8ef42ba9202,2024-02-11 17:03:51,,Cancelled,124.95,Cash,8.62,1.77
2189be1a-a1a5-43be-90b4-815547929a76,fda1a421-3e3f-443e-b94e-b0c0026703fc,d31561f4-5fea-4c14-b5ee-be65e133f76e,2024-03-20 09:23:52,,Cancelled,165.51,Credit Card,11.18,2.39
a5e17130-2d8c-479a-9d97-5ed666a7ab58,f885ccc4-b28b-46b8-8ac3-3daa8f1e5f23,36d29c41-adf3-4fb7-9820-b5926d2efd55,2024-11-29 04:55:09,2024-11-29 06:23:09,Delivered,178.54,UPI,18.32,1.93
a21f6abf-423f-4d87-9822-ff989ae0ddb9,8c2e6546-4360-42c8-a0c9-0c14a5f5b104,db6f9bc8-cd81-4fe0-ad29-2bea27ae7b47,2024-11-27 07:01:06,2024-11-27 08:42:06,Delivered,127.48,UPI,3.53,2.46
a917842d-d62e-4a85-b1a8-27b02a293a6c,820c26db-7d05-4975-a053-3ae6ec0f8ee8,1e00fc3c-c1d7-4047-ad66-07869c92a42f,2024-05-24 22:15:07,,Cancelled,175.07,UPI,1.08,3.6
a641d086-82d0-4fb8-b792-e2537542b858,1df14ce5-b594-46e7-8911-927e6d406b93,e4eb2ef6-fa7c-441c-af34-450f233d4cfe,2024-04-11 13:43:51,2024-04-11 14:25:51,Delivered,89.17,UPI,2.26,4.51
7924a4b3-8141-4d8e-8019-18fa6e4f0ae8,41fa8487-c71b-499f-8ce5-97bc828a8ac9,844f0488-8b27-4f18-9754-e20d2016bcd6,2024-05-25 08:56:11,,Cancelled,159.46,Credit Card,6.34,4.43
ede75eda-0b0c-4d61-b3c4-0ac0944b6a54,97ff1520-b1b1-4658-b559-0bdadd597143,2380df72-5236-42a0-90fa-7cd8d83b18f3,2024-02-12 10:03:42,2024-02-12 10:28:42,Delivered,130.88,Cash,12.34,1.82
f2c040e9-6c36-4eed-a013-762003afff14,89d15533-c9a0-4429-a048-e1f9c116952c,1e00fc3c-c1d7-4047-ad66-07869c92a42f,2024-05-26 16:42:29,,Pending,166.96,UPI,2.14,2.02
133fe951-1a1d-452d-85e4-2b5027324fd5,5b1bee59-6713-41d1-85c4-de7a937b7a47,1837f734-540a-4e5f-a579-e9487799f444,2024-04-06 15:46:04,,Cancelled,154.52,UPI,5.29,2.26
4b8b14c5-075c-4c07-ac77-7a2b1bc7118f,d27084c2-8537-44a8-8c1e-78b610a3002e,3a5198e0-3a34-42f6-94f8-76d06f4936dd,2024-09-22 12:50:23,,Pending,55.7,UPI,14.94,3.03
3decaf3a-14e6-4a12-8941-f4de5d582272,009d7765-f3f9-4591-b91d-9b80148da569,647b56ce-abec-4ac9-8f26-5c31656b7999,2023-12-28 14:14:06,,Pending,78.69,UPI,1.38,4.81
9ee831f7-bf84-4c31-b85f-d24ef4edd895,4b704624-5577-47eb-8821-c8d8f667d8b2,90df8470-e1e0-4147-8d71-bee65b09b632,2024-01-07 12:39:14,,Pending,14.7,Cash,11.26,2.64
2178535a-ddc7-4a05-8ea8-a9b5fbabf65d,7ca9a85b-1be5-4395-8033-54c2f8e508b2,f654c38e-30c0-427d-bfca-d77356df6ae4,2024-09-15 10:38:02,,Cancelled,87.31,Credit Card,2.6,4.53
7f80896e-cf3c-4b2d-815b-29837ee7e5f4,009d7765-f3f9-4591-b91d-9b80148da569,db6f9bc8-cd81-4fe0-ad29-2bea27ae7b47,2024-01-04 19:37:01,2024-01-04 21:08:01,Delivered,86.64,Cash,15.07,2.24
1d861984-9711-487c-8d06-e4e59bb03f73,bc1e4250-e82b-4c3f-ac87-1cd2e6df7046,b01b0970-095d-4c78-a16f-617dee415124,2024-09-06 03:54:18,2024-09-06 05:45:18,Delivered,37.47,Credit Card,7.08,3.98
a5dc8c44-f4c4-4d1d-ae16-89803f94892b,7323deff-bf93-4ec8-99e5-16e922878d69,6f683d8f-212c-4677-bfb5-5d44a0b026f5,2024-09-09 21:19:09,2024-09-09 22:50:09,Delivered,62.95,Cash,7.96,2.47
bcb33e5f-67b3-4f85-b469-432c7d0adf5f,6987ff88-0f19-434d-96a0-2ffda8f03f8e,137b31ec-95f3-4661-b8a0-587691ac3b0f,2024-10-18 18:17:12,,Pending,143.87,Credit Card,8.08,4.01
66bef1e6-378e-4423-b904-edb7fdc1379b,1a209961-594f-486b-b9a1-71c072363647,e4eb2ef6-fa7c-441c-af34-450f233d4cfe,2024-10-12 02:05:06,,Pending,104.51,Cash,14.09,4.5
be73696a-23e2-46e7-8108-0952c6b6d1ed,655b21e1-1740-40af-ab94-049c2fd589b6,0aad11d1-8649-4aa9-adb0-be41a92b0585,2024-06-03 23:45:05,,Pending,13.26,Cash,2.64,2.89
cab14ae7-c107-4398-a0da-b8cc096cbec4,b1f81226-4b4e-4daf-8284-cea9ebb03e0b,ce7dfb42-e3d1-48a1-b705-41da6143c620,2024-10-04 20:20:38,2024-10-04 20:54:38,Delivered,184.12,Cash,9.05,4.29
f3d96e86-776b-44d3-94e9-6753648d001b,fe110556-d07a-4b2f-8917-b611818c07fc,b01b0970-095d-4c78-a16f-617dee415124,2024-04-17 11:51:56,2024-04-17 12:27:56,Delivered,197.81,Credit Card,2.06,1.68
fc3ee426-9a0c-435f-958c-7d95dc2fa9a8,0332001e-7a87-40d9-a4c9-cf8ef0a38dbc,e026cee6-dcd1-4076-a353-7f41b9c0be43,2024-02-15 12:00:45,2024-02-15 13:12:45,Delivered,150.68,Credit Card,18.7,2.83
fcdc07d9-ec7e-41ef-bea5-ef00a18b7f94,6987ff88-0f19-434d-96a0-2ffda8f03f8e,e4eb2ef6-fa7c-441c-af34-450f233d4cfe,2024-07-22 21:56:23,,Cancelled,185.37,UPI,16.16,1.56
0c6bdbda-4c86-4218-8e60-674be67d8191,e3ec0aaa-c860-40f9-9528-9d4c8f1e780b,90df8470-e1e0-4147-8d71-bee65b09b632,2024-02-13 02:54:27,,Cancelled,185.41,Credit Card,2.06,4.25
ce021a43-257f-43ab-ae99-933127ec1883,ad44ec8e-eb58-4d25-b746-55e71bc120a2,c9a32ac9-3528-4425-8a4c-dd8a0e3e55f2,2024-09-26 00:44:20,2024-09-26 01:08:20,Delivered,158.1,Credit Card,10.57,1.37
4f4b8c21-424b-422a-90b7-c40ec70cda1e,9d022bb5-a7e4-415f-9490-f8bff66e1a78,37292d58-42c1-4272-bfca-8c7c9732edea,2024-06-25 04:47:41,2024-06-25 05:51:41,Delivered,183.38,UPI,4.51,1.47
2e374e2e-41b0-4fd9-9ffd-225efe662f41,3160c53e-2f7b-4a80-bd4b-7e18777d6837,e026cee6-dcd1-4076-a353-7f41b9c0be43,2024-02-27 10:38:31,,Pending,16.43,Cash,6.06,1.43
36c1ee2d-4abe-4074-a6a8-c42424678b53,6987ff88-0f19-434d-96a0-2ffda8f03f8e,ea7f323f-5e72-4079-ac03-00ba921e6b3a,2024-01-18 00:39:57,,Pending,28.14,UPI,13.57,2.49
6203dd42-d06d-4dae-85d5-a51629fdf46f,a58e1bee-2cfd-4af6-b269-9ca32efbb01a,1bf58b57-b13b-4318-8eb8-a8ef42ba9202,2024-01-14 17:38:42,,Pending,53.85,Cash,4.15,1.36
62f75f82-6841-4795-80d2-e9f45e82fa71,61ada594-b9f1-42ea-923a-93bfc25199cf,9ea1b32a-6670-4e58-822b-2c5eeb05031a,2024-10-15 16:56:26,,Pending,69.32,Credit Card,12.16,1.2
4754cebf-21ba-4f39-ab30-4c8bd53d764e,fe110556-d07a-4b2f-8917-b611818c07fc,6f683d8f-212c-4677-bfb5-5d44a0b026f5,2024-08-22 05:38:17,2024-08-22 06:29:17,Delivered,50.81,UPI,13.54,4.38
c752d511-ff17-4d07-8dcb-5a8439817d08,7ca9a85b-1be5-4395-8033-54c2f8e508b2,0aad11d1-8649-4aa9-adb0-be41a92b0585,2023-12-12 22:51:46,,Pending,166.11,Cash,18.97,1.57
40592222-0ad6-4c48-9a8f-d3649889d30c,89d15533-c9a0-4429-a048-e1f9c116952c,30c3fa39-442f-4b20-9ce2-76189bf7370a,2024-12-01 00:24:27,,Pending,30.8,UPI,18.79,4.3
e585da32-d6c6-4205-af2a-e6f2079c9c3f,b1f81226-4b4e-4daf-8284-cea9ebb03e0b,a155b87e-61e1-4325-bbea-98d59d40277f,2024-10-07 02:07:05,,Cancelled,76.03,UPI,9.57,1.94
adda93ad-bec3-4f29-a20e-55627604dec6,4ef5236a-ff91-4b40-bfc3-4f91245c738a,05803d68-0fbb-470b-ba25-fbb04cd65686,2024-05-11 15:53:59,,Cancelled,57.97,UPI,17.41,1.86
a388645b-4a6a-4dab-8dc9-5452fda8faaa,14e4a7fd-de1a-4a11-b4bc-e3363eed29f7,137b31ec-95f3-4661-b8a0-587691ac3b0f,2024-08-08 11:33:43,2024-08-08 12:48:43,Delivered,35.01,Cash,7.22,1.54
0602c047-f946-4dac-8a36-429009a982ae,2e5f8d0e-054f-4f92-aebf-c68289874d72,647b56ce-abec-4ac9-8f26-5c31656b7999,2024-04-26 01:51:00,,Cancelled,188.04,Credit Card,10.6,3.32
bf11e52e-a7cb-4395-8f56-cca4e1db14c9,21a04a39-f319-48f3-b559-bf6079540c0b,3bf7ae12-1912-4934-a8e4-d9c850d8972c,2024-01-26 16:06:11,2024-01-26 17:34:11,Delivered,127.66,Credit Card,10.6,1.85
429bc19a-a95b-4821-965b-b4610317216b,b1f81226-4b4e-4daf-8284-cea9ebb03e0b,05803d68-0fbb-470b-ba25-fbb04cd65686,2024-04-10 09:43:11,,Cancelled,37.18,UPI,15.9,3.24
893c819a-8ceb-4404-b434-1e3b9be056a8,ef552261-b65e-4621-aedb-e3b7f4501eb6,dfec44d0-1e3c-48d1-8c77-b1d49f331df7,2024-03-18 06:13:12,,Cancelled,163.33,Credit Card,7.37,2.6
799702cb-29d2-499a-9fbe-abe2a7b5094f,f885ccc4-b28b-46b8-8ac3-3daa8f1e5f23,a2efc75f-fe0d-4e95-9b57-30ffaa6fee03,2023-12-09 06:15:46,2023-12-09 07:18:46,Delivered,88.73,UPI,7.91,1.76
67de137a-dc5c-45f9-bf47-977cc9475f2c,10abb201-280d-47b1-81db-c2675d37ceae,db6f9bc8-cd81-4fe0-ad29-2bea27ae7b47,2024-04-08 02:58:51,,Cancelled,152.9,Cash,1.38,4.68
17865887-300b-4eb6-a5a1-dde80e80c379,150c970e-cba4-403f-a750-6d591e42897a,949e15ec-6c39-44f1-9435-599f8696979a,2024-01-26 08:58:03,2024-01-26 10:32:03,Delivered,120.13,Credit Card,8.85,2.68
1999cd80-1eef-4358-9e52-2db7b7f4bab6,89d15533-c9a0-4429-a048-e1f9c116952c,a2efc75f-fe0d-4e95-9b57-30ffaa6fee03,2023-12-29 15:35:09,,Cancelled,147.54,UPI,8.49,1.24
39588ab8-b68b-43bc-a45b-1d054f736ace,f6cbed90-8aa4-40ee-a0bf-2a7b9d249024,24d739f7-460e-4ce2-90f8-d83ad9b89b60,2024-03-17 00:06:49,2024-03-17 00:57:49,Delivered,197.79,Cash,11.41,4.02
1a663289-84ab-4499-acda-24f65cdfab68,cfd6ce76-1b39-4488-b645-22f13e0f102d,71a66d98-b9d8-4522-8269-4aa203a44067,2024-08-26 15:57:02,,Pending,15.23,Cash,12.92,4.25
dc1daf3f-8a3d-47ea-9f38-c6942f735b49,0042c802-4ee1-4d21-89f6-2ce4310bd92c,94bad449-9500-41da-ba13-9890aa4059d9,2024-11-12 20:25:53,,Cancelled,95.74,UPI,11.44,1.42
4ffddbba-087b-4f7d-aade-8488e752ac80,e3ec0aaa-c860-40f9-9528-9d4c8f1e780b,b01b0970-095d-4c78-a16f-617dee415124,2024-05-28 09:44:47,,Cancelled,92.1,UPI,7.33,4.62
72f2991b-bb68-46c1-acc5-eb40331b94ef,949a4d96-90d9-4fa3-8593-8f553095c1b3,a2efc75f-fe0d-4e95-9b57-30ffaa6fee03,2024-08-05 00:16:53,,Pending,22.72,Cash,9.84,1.5
8de81109-bc41-4ff7-9334-741760572dab,02d204c7-f85f-4b88-943f-1dc4adb14bad,2380df72-5236-42a0-90fa-7cd8d83b18f3,2024-07-04 07:52:23,,Pending,13.66,Cash,12.51,3.27
7cf317f7-b12e-4e94-9b94-40a88ce959f7,eb4882b8-0b52-43a4-b345-083022687625,2380df72-5236-42a0-90fa-7cd8d83b18f3,2024-04-17 00:02:24,2024-04-17 00:22:24,Delivered,59.87,UPI,15.53,1.31
7d73bf79-05c0-43dd-9dc1-796ce35133ef,4b704624-5577-47eb-8821-c8d8f667d8b2,94bad449-9500-41da-ba13-9890aa4059d9,2024-06-01 15:40:35,2024-06-01 16:26:35,Delivered,79.62,UPI,8.48,4.68
080ca92e-231b-4479-ac83-481242af14a4,1813d5cc-73a9-4f78-b279-d559d39a7dfe,9ea1b32a-6670-4e58-822b-2c5eeb05031a,2023-12-25 23:41:01,2023-12-26 01:22:01,Delivered,44.79,Cash,6.14,1.77
7d15dcef-a49a-475b-b4b9-557a2bad8e6b,4b704624-5577-47eb-8821-c8d8f667d8b2,844f0488-8b27-4f18-9754-e20d2016bcd6,2024-11-29 10:58:50,,Pending,161.57,Cash,14.52,2.52
10ecad62-f5c7-4a73-b9c9-e67675a1c573,eb4882b8-0b52-43a4-b345-083022687625,bc26cda1-7da3-4d0b-b3fc-15af8e65b063,2024-10-05 03:51:09,2024-10-05 05:20:09,Delivered,95.26,Cash,13.27,2.64
5f36959e-9aa2-482a-9a3b-0725932bce84,457cbf89-4f5a-4d42-a663-a120da10e4d0,37292d58-42c1-4272-bfca-8c7c9732edea,2024-04-03 21:07:08,,Pending,22.28,Cash,13.05,4.81
c3bd28c0-2be7-42ce-80d7-28555514fff5,392453b9-90f7-406a-8640-4f432dcd0ec5,05803d68-0fbb-470b-ba25-fbb04cd65686,2024-10-02 15:30:27,2024-10-02 16:11:27,Delivered,109.45,Cash,7.04,4.93
10fb0a1b-d903-40a4-b34a-c30e9fff8e3e,df5338f3-a92d-4e04-a0ba-75e9bf80e9d7,8a8ab81b-b277-4415-b811-417233200d16,2024-04-17 07:17:57,,Cancelled,91.0,Cash,16.93,3.47
45cdfdce-35e8-4164-9a1a-e15fac2538eb,7e1711e1-885b-4bc4-b465-fcdb902dbf33,ce7dfb42-e3d1-48a1-b705-41da6143c620,2024-05-03 01:28:56,,Pending,32.81,Credit Card,5.39,1.16
206350d4-3aaa-4470-8c32-fd15996851b7,56c63736-d8a1-49dd-840d-a8176bfa5d9d,dfec44d0-1e3c-48d1-8c77-b1d49f331df7,2024-08-26 07:50:51,,Pending,178.29,UPI,0.58,2.43
f4039ec8-3480-4222-b44d-65711bcd62e9,41fa8487-c71b-499f-8ce5-97bc828a8ac9,ce7dfb42-e3d1-48a1-b705-41da6143c620,2024-01-15 12:40:37,2024-01-15 13:41:37,Delivered,129.89,Cash,2.9,4.87
bb4921c0-7fa0-490d-93e8-0353a3fd9125,49e5aaee-c4f5-4190-a454-1593e6f46b75,647b56ce-abec-4ac9-8f26-5c31656b7999,2024-07-15 06:35:32,,Pending,74.97,Cash,9.72,1.68
fe0ff3e0-f615-4ee6-a45b-71bf186f80f7,06687583-d518-49b0-aa1e-6127f4c368ad,f654c38e-30c0-427d-bfca-d77356df6ae4,2024-08-11 14:45:44,2024-08-11 16:18:44,Delivered,186.82,Cash,10.22,2.2
9df7f6b5-c59c-490c-9d0d-829e328540f3,9ecc5ce8-c80f-4aee-9ce8-0a8f6c33440f,3a5198e0-3a34-42f6-94f8-76d06f4936dd,2024-01-10 03:11:29,2024-01-10 03:33:29,Delivered,84.19,Credit Card,15.82,3.64
fc19678d-895c-4194-a2f7-9fe9929ebc4f,012e80c3-5720-4ea5-86c4-5e27dd98fd65,2380df72-5236-42a0-90fa-7cd8d83b18f3,2024-01-13 07:19:07,,Pending,134.39,Cash,15.9,1.16
ac64b360-7852-44e3-9bad-e3b2cf19ef92,457cbf89-4f5a-4d42-a663-a120da10e4d0,9ea1b32a-6670-4e58-822b-2c5eeb05031a,2023-12-11 23:37:19,,Cancelled,164.51,UPI,18.19,3.62
e90e1af9-ab05-47af-8530-59612b2faef5,06687583-d518-49b0-aa1e-6127f4c368ad,15867b53-37f5-4c1d-aab3-046b6a8a9e5f,2024-01-11 11:28:45,,Pending,136.54,Credit Card,12.28,3.76
4b8ffe52-a54f-43d4-b2d4-42abaf434400,7baec65c-19ff-4d68-96b0-c7071e07d317,e030ed39-e81e-4ca1-919b-25f8a0e7c2de,2023-12-14 17:58:00,,Pending,186.87,UPI,4.24,1.57
7988ef49-fc48-4f54-812f-e001202d5981,06687583-d518-49b0-aa1e-6127f4c368ad,b0e1ce9f-30ac-4299-baa7-4e38303dbec0,2024-02-16 17:14:32,2024-02-16 19:13:32,Delivered,149.54,Cash,11.45,1.17
587ed57a-8f37-4bcf-99d6-bd4332328cfb,0859cbec-a92f-4f58-b84d-1246d63f2e45,b0e1ce9f-30ac-4299-baa7-4e38303dbec0,2024-05-07 08:22:52,,Cancelled,186.73,Cash,19.3,4.86
dc13ccd0-f3d6-4bb5-8fd6-5f084d54a84d,f885ccc4-b28b-46b8-8ac3-3daa8f1e5f23,f654c38e-30c0-427d-bfca-d77356df6ae4,2024-07-15 14:17:49,,Pending,14.49,UPI,5.02,2.74
1fbf4a75-0a1e-4e6a-91eb-27c70fcd168e,b1f81226-4b4e-4daf-8284-cea9ebb03e0b,a155b87e-61e1-4325-bbea-98d59d40277f,2024-08-23 01:16:10,,Pending,175.66,Cash,18.78,4.88
f7649bf2-220e-422d-bcc2-89400af5fd8d,aea0c028-8276-40f9-896d-db63c275ec9c,36d29c41-adf3-4fb7-9820-b5926d2efd55,2024-08-01 14:08:39,,Cancelled,193.47,Credit Card,3.8,3.3
6ede1c06-41eb-4ab4-b394-b60845285ffc,41fa8487-c71b-499f-8ce5-97bc828a8ac9,37292d58-42c1-4272-bfca-8c7c9732edea,2024-05-02 14:51:39,,Pending,98.51,UPI,10.56,3.59
da33c61b-7825-4bc3-a21e-26603622a024,3e2be0d1-3abe-4ab2-bbd0-c8119e30a948,9ea1b32a-6670-4e58-822b-2c5eeb05031a,2023-12-30 22:23:01,,Pending,195.52,UPI,17.36,3.33
90373a35-e3e5-44ab-9eda-792c484f6127,33797c35-c6ef-4d02-929b-c85a16675bdd,844f0488-8b27-4f18-9754-e20d2016bcd6,2024-06-24 18:29:54,,Pending,107.07,UPI,10.08,2.5
46c04622-3af2-4ae9-a84f-15eab4fa78ea,aea0c028-8276-40f9-896d-db63c275ec9c,e4eb2ef6-fa7c-441c-af34-450f233d4cfe,2024-10-10 11:21:59,,Pending,192.27,Cash,14.1,2.5
bef0184f-bca4-4286-9b71-a99191f79232,f82e345f-40dc-4ac5-a8ac-7855b6c54cbf,e026cee6-dcd1-4076-a353-7f41b9c0be43,2024-12-02 01:35:03,2024-12-02 02:32:03,Delivered,110.26,UPI,12.92,3.9
b4d2bef8-8af9-43f9-8093-497d5fb58b8d,0332001e-7a87-40d9-a4c9-cf8ef0a38dbc,949e15ec-6c39-44f1-9435-599f8696979a,2024-06-14 01:45:13,,Cancelled,198.43,UPI,10.78,3.83
e0d81c54-4bb6-4b18-9bbe-eea5042b2d72,f02c4f90-ba55-451a-9a04-301bf29e0d9d,1bf58b57-b13b-4318-8eb8-a8ef42ba9202,2024-07-10 04:27:04,2024-07-10 06:07:04,Delivered,50.75,Credit Card,7.07,1.76
c714afbc-2347-4a9f-aab5-ac13a1fb5596,d132c1f9-47f4-4abc-bee3-e6c3b663a996,94bad449-9500-41da-ba13-9890aa4059d9,2024-11-24 03:35:43,,Pending,55.24,UPI,1.79,1.4
640348ad-e663-40ff-9e42-fb6b7008d17e,f5e31a67-a451-48a9-a0fd-a17ac4fa40ee,b01b0970-095d-4c78-a16f-617dee415124,2024-08-14 08:58:10,,Pending,161.92,Cash,8.64,3.98
19602507-3231-4f37-9bcd-f2982ee51ea5,d27084c2-8537-44a8-8c1e-78b610a3002e,6f683d8f-212c-4677-bfb5-5d44a0b026f5,2024-09-01 11:23:13,2024-09-01 12:43:13,Delivered,113.47,UPI,14.51,2.72
b98d1e1b-135c-443a-97a3-10ac72a4f972,64ec2402-9e1c-44c8-8889-edd9498c578d,3bf7ae12-1912-4934-a8e4-d9c850d8972c,2024-12-05 15:43:42,,Pending,100.87,UPI,6.57,3.23
d1004253-bd87-488b-b817-fd04578a2aca,198cc0fd-faa7-4cb9-9803-6c8d2c0fdcae,844f0488-8b27-4f18-9754-e20d2016bcd6,2024-10-26 04:14:37,,Cancelled,164.63,UPI,8.18,3.02
6ce4e2aa-0a61-46b5-94ff-e3e2b96f1482,21a04a39-f319-48f3-b559-bf6079540c0b,0aad11d1-8649-4aa9-adb0-be41a92b0585,2024-05-26 07:16:00,,Cancelled,43.95,Credit Card,10.39,1.39
604719a0-a008-4c13-8b8c-1e11cd154c2a,80fbe5a8-993a-4534-8d15-d451eb35547d,e026cee6-dcd1-4076-a353-7f41b9c0be43,2024-06-20 04:50:02,,Pending,71.11,UPI,17.05,3.18
41c90881-d4e6-4d90-878c-4f9639c042db,1e23b3bf-9b80-4031-9af8-f2a1a0a782bb,e030ed39-e81e-4ca1-919b-25f8a0e7c2de,2024-04-02 13:21:40,,Pending,12.43,Credit Card,1.42,1.88
ba33801d-200d-4488-92c5-4762bec0055a,80fbe5a8-993a-4534-8d15-d451eb35547d,f654c38e-30c0-427d-bfca-d77356df6ae4,2024-02-09 03:34:17,,Pending,180.54,UPI,6.7,2.57
33d827e4-3c6c-4256-b9a1-870195c0c431,f6cbed90-8aa4-40ee-a0bf-2a7b9d249024,359d3037-2413-4278-bb2c-cb9f8ffc3102,2024-04-09 17:35:28,2024-04-09 18:10:28,Delivered,48.2,Cash,2.53,3.28
d92632cf-e155-4d3a-8321-ac4b4bfada88,a0a983d9-80cc-4be4-a5c2-5d854f92eaca,c74bb9a7-006c-462f-bc6f-290f3862dc3c,2024-05-17 04:03:49,2024-05-17 05:37:49,Delivered,145.58,UPI,11.92,1.3
cace1826-ddcd-4216-bd8d-5458f76dfd26,d7d0f533-dde9-49f2-8cca-dbb41bdab1f6,949e15ec-6c39-44f1-9435-599f8696979a,2024-07-11 09:39:22,2024-07-11 11:05:22,Delivered,87.99,UPI,17.44,1.42
79d47c69-2ca0-405d-83d0-0d7c2c0268d8,392453b9-90f7-406a-8640-4f432dcd0ec5,d215c5fd-d0fa-4fc6-97b0-a3b7b0ab5a6f,2024-03-10 23:44:36,,Pending,174.17,UPI,5.02,3.79
a7719e0c-dca1-4141-97be-0c20e9171096,61ada594-b9f1-42ea-923a-93bfc25199cf,71a66d98-b9d8-4522-8269-4aa203a44067,2024-01-11 19:06:40,2024-01-11 20:50:40,Delivered,196.96,UPI,8.16,3.88
51f0aee5-f02c-4f6e-ae78-0467abf05148,ef552261-b65e-4621-aedb-e3b7f4501eb6,0aad11d1-8649-4aa9-adb0-be41a92b0585,2024-07-27 10:42:26,2024-07-27 11:29:26,Delivered,62.73,Cash,18.94,2.89
dfd3ecf5-3081-4dd9-be51-19f51a2d09df,1e23b3bf-9b80-4031-9af8-f2a1a0a782bb,8a8ab81b-b277-4415-b811-417233200d16,2024-11-29 16:17:48,,Pending,50.96,Cash,13.68,2.85
ac9dd704-af47-4338-b01f-bc7fd6e4eb85,457cbf89-4f5a-4d42-a663-a120da10e4d0,e030ed39-e81e-4ca1-919b-25f8a0e7c2de,2024-07-05 05:54:16,2024-07-05 06:54:16,Delivered,135.71,UPI,14.36,1.27
a1ff5a0a-375e-4a70-8219-bf93da276eb5,012e80c3-5720-4ea5-86c4-5e27dd98fd65,c74bb9a7-006c-462f-bc6f-290f3862dc3c,2024-08-09 06:45:50,2024-08-09 07:19:50,Delivered,171.98,Credit Card,17.2,4.83
1d336b08-ab68-4359-8836-792f7eed8881,64ec2402-9e1c-44c8-8889-edd9498c578d,71a66d98-b9d8-4522-8269-4aa203a44067,2024-03-07 11:38:25,,Pending,185.09,Cash,5.48,3.36
8e9c07d7-f9a3-4806-b285-6178bd29fbc1,3e2be0d1-3abe-4ab2-bbd0-c8119e30a948,647b56ce-abec-4ac9-8f26-5c31656b7999,2024-09-06 20:08:44,,Pending,97.56,UPI,2.81,3.48
dfb800d9-d94f-4e32-b206-3c753903892f,d1cdba5e-de0e-4bb8-8ba5-4d181b46fa1c,d31561f4-5fea-4c14-b5ee-be65e133f76e,2023-12-20 13:33:20,2023-12-20 15:07:20,Delivered,198.63,Cash,15.22,3.16
1b91bcd0-c207-40aa-80f2-ad22e1091f78,a58e1bee-2cfd-4af6-b269-9ca32efbb01a,f654c38e-30c0-427d-bfca-d77356df6ae4,2024-03-17 13:14:54,2024-03-17 14:25:54,Delivered,55.16,UPI,1.67,4.42
11aa9dc3-245a-4907-95c6-afbf7422183a,61ada594-b9f1-42ea-923a-93bfc25199cf,3a5198e0-3a34-42f6-94f8-76d06f4936dd,2024-01-14 00:21:00,,Cancelled,170.91,Cash,5.28,3.75
0ff8b1aa-c43d-4bab-89df-f88a788c1589,aea0c028-8276-40f9-896d-db63c275ec9c,b01b0970-095d-4c78-a16f-617dee415124,2024-04-25 21:20:00,,Pending,115.0,Cash,19.17,2.56
d979a19e-928e-487d-959d-65f3b22c992c,f5e31a67-a451-48a9-a0fd-a17ac4fa40ee,d215c5fd-d0fa-4fc6-97b0-a3b7b0ab5a6f,2024-01-28 05:26:53,2024-01-28 05:58:53,Delivered,116.79,Credit Card,6.4,4.61
074236cc-5878-4143-abc4-3243b81e6b7e,0042c802-4ee1-4d21-89f6-2ce4310bd92c,d215c5fd-d0fa-4fc6-97b0-a3b7b0ab5a6f,2024-10-27 12:24:29,,Cancelled,81.46,Cash,2.71,1.42
22771f0c-f5c3-40d6-8562-48216ec9ecfd,f885ccc4-b28b-46b8-8ac3-3daa8f1e5f23,c9a32ac9-3528-4425-8a4c-dd8a0e3e55f2,2024-07-23 09:21:10,,Cancelled,100.57,UPI,19.95,2.99
a60a1e32-4715-49b3-a3fb-80e988b44f95,4ef5236a-ff91-4b40-bfc3-4f91245c738a,24d739f7-460e-4ce2-90f8-d83ad9b89b60,2024-08-09 10:50:22,,Cancelled,189.64,Cash,7.72,4.08
b952b57f-757b-4ae0-bd15-8d9fda79d98f,7e1711e1-885b-4bc4-b465-fcdb902dbf33,50132eb2-d69e-49e8-b00a-755d28a2c0c1,2023-12-13 01:16:31,,Cancelled,104.72,Cash,14.77,2.64
0deaf117-a99f-4209-9cc7-46131a3d8502,c1b250f6-3606-4c43-a04b-17decf705e44,c9a32ac9-3528-4425-8a4c-dd8a0e3e55f2,2023-12-14 09:19:21,2023-12-14 10:20:21,Delivered,141.76,Cash,0.3,4.19
8abe1338-138d-4150-9655-606797797e19,14e4a7fd-de1a-4a11-b4bc-e3363eed29f7,05803d68-0fbb-470b-ba25-fbb04cd65686,2024-07-11 09:12:30,,Pending,96.2,Credit Card,7.78,2.74
69d1a585-28c6-4948-82db-28c52f3b83ac,012e80c3-5720-4ea5-86c4-5e27dd98fd65,c9888536-ed95-456e-8974-afd6ec677089,2024-07-22 09:18:31,,Pending,51.73,Credit Card,19.4,1.24
9448d61e-f7ef-400b-86ab-911db4b0918e,3160c53e-2f7b-4a80-bd4b-7e18777d6837,ed42fdab-67a8-4775-a3c2-3b6900d4f472,2024-11-07 06:19:35,,Pending,42.18,UPI,9.37,3.49
c18961eb-b13c-4d7c-9738-e204624c5081,1a209961-594f-486b-b9a1-71c072363647,36d29c41-adf3-4fb7-9820-b5926d2efd55,2024-11-17 12:48:05,,Pending,15.93,UPI,7.53,1.74
5a84c38d-ccbc-4029-a474-149e99722b43,0332001e-7a87-40d9-a4c9-cf8ef0a38dbc,844f0488-8b27-4f18-9754-e20d2016bcd6,2023-12-30 16:15:54,,Cancelled,131.49,Credit Card,18.85,1.98
6bb4b540-dfdb-4991-be77-21e9204b7314,68acfd1e-5618-4b98-a829-355e637762e6,15867b53-37f5-4c1d-aab3-046b6a8a9e5f,2024-03-26 08:31:18,2024-03-26 10:02:18,Delivered,157.76,UPI,14.21,4.36
d2709082-44e9-4b1d-b8e6-e65fb5b3eba0,ef552261-b65e-4621-aedb-e3b7f4501eb6,1bf58b57-b13b-4318-8eb8-a8ef42ba9202,2024-08-04 19:21:41,2024-08-04 20:47:41,Delivered,156.87,Cash,9.99,4.88
8048eb53-fb0f-442e-92ad-d4bd7a318bba,64ec2402-9e1c-44c8-8889-edd9498c578d,15867b53-37f5-4c1d-aab3-046b6a8a9e5f,2024-08-21 18:26:59,2024-08-21 19:42:59,Delivered,26.75,Credit Card,18.56,1.27
c2a58618-3ccb-42f1-a59b-dbf19912dfa7,1df14ce5-b594-46e7-8911-927e6d406b93,1e00fc3c-c1d7-4047-ad66-07869c92a42f,2024-08-27 21:52:46,2024-08-27 22:21:46,Delivered,74.9,UPI,17.48,4.67
79b66abe-7f3c-4ece-b68e-ec0446d0fd71,150c970e-cba4-403f-a750-6d591e42897a,71a66d98-b9d8-4522-8269-4aa203a44067,2023-12-23 17:27:52,,Cancelled,160.2,Cash,12.04,3.25
de9a0f2a-8280-4357-9d40-a682cb4ee78d,68acfd1e-5618-4b98-a829-355e637762e6,a2efc75f-fe0d-4e95-9b57-30ffaa6fee03,2024-01-14 18:57:56,,Pending,46.82,Cash,8.92,2.0
114b4249-adc9-4ab7-aadb-a981afffb052,06687583-d518-49b0-aa1e-6127f4c368ad,2380df72-5236-42a0-90fa-7cd8d83b18f3,2024-04-29 08:16:07,,Pending,65.65,Cash,5.58,1.84
3d49aae5-d9b7-4be4-9244-a9236f7b4bf0,f6cbed90-8aa4-40ee-a0bf-2a7b9d249024,15867b53-37f5-4c1d-aab3-046b6a8a9e5f,2024-01-29 07:13:59,2024-01-29 07:46:59,Delivered,138.39,Cash,3.68,1.74
1f11c1bf-5691-419f-b3c3-be2c69bed9a1,db2fdc04-c361-4cfe-8255-3a4f46915068,f95aa577-1c0b-4c15-bf82-69aaac0c58f3,2024-08-11 06:49:53,,Pending,69.44,UPI,4.22,2.42
53540104-b0d9-4b09-bc81-1e08aa3fb90a,8bb2be6c-24b2-4531-bc27-659562ed7cb5,1e00fc3c-c1d7-4047-ad66-07869c92a42f,2024-04-03 07:32:52,,Pending,195.52,Credit Card,15.48,2.45
64dcb665-0a8f-47d0-a26c-65bbf5ecff38,56c63736-d8a1-49dd-840d-a8176bfa5d9d,15867b53-37f5-4c1d-aab3-046b6a8a9e5f,2024-09-01 23:54:23,2024-09-02 00:23:23,Delivered,36.29,Cash,8.12,4.33
4fdda0ed-a801-45b5-baa2-bab95fe030d9,d132c1f9-47f4-4abc-bee3-e6c3b663a996,3a5198e0-3a34-42f6-94f8-76d06f4936dd,2024-11-17 12:48:45,,Pending,17.57,Cash,14.08,2.59
086ec8ab-76b6-4f40-a664-c3d74f9e0151,6c0645b3-ffe4-40a4-aae4-6525f7982465,30c3fa39-442f-4b20-9ce2-76189bf7370a,2024-11-26 20:47:54,,Pending,54.81,Cash,9.3,2.18
3890ff34-81e3-4b1a-ae9f-7f02ff4537d6,1e23b3bf-9b80-4031-9af8-f2a1a0a782bb,d1f1baa5-10b6-432c-a32f-41130f005a6c,2024-04-11 03:48:51,,Pending,154.09,Credit Card,10.55,3.69
0a1b5a34-5ffb-43ae-9374-04ad77f921ea,bf443877-13b6-4ad3-8919-ecc6965bf93e,90df8470-e1e0-4147-8d71-bee65b09b632,2024-07-29 15:39:09,2024-07-29 16:04:09,Delivered,108.44,UPI,0.48,4.93
8d98a86e-39fb-4f1a-8262-791aefddd19a,89d15533-c9a0-4429-a048-e1f9c116952c,c9888536-ed95-456e-8974-afd6ec677089,2024-09-03 01:53:11,,Cancelled,20.54,Credit Card,16.89,2.53
c0587748-5a5d-4e79-a662-9eeafb36eaaf,20fb0e0a-764e-49c8-a1cc-50131956f0f4,9ea1b32a-6670-4e58-822b-2c5eeb05031a,2024-09-13 07:57:57,,Cancelled,187.77,Cash,1.63,2.83
0b65c5ea-9ea3-4e7c-b2b1-4055806deb3d,d3a304fa-cf63-4be4-9c33-6364ad1f0e42,36d29c41-adf3-4fb7-9820-b5926d2efd55,2024-08-06 08:45:23,2024-08-06 09:27:23,Delivered,56.27,Credit Card,17.79,4.29
00794ca8-29cb-4699-9bdb-9739c329c8e7,8bb1c791-8d7f-40d3-be72-422f7fafa8b4,b0e1ce9f-30ac-4299-baa7-4e38303dbec0,2024-09-29 16:38:55,,Pending,149.75,Cash,4.26,4.73
77a3265b-ea09-4da9-a7c8-303a78d6f051,49e5aaee-c4f5-4190-a454-1593e6f46b75,64c20721-9688-4d06-8c92-58685f145274,2024-04-12 20:44:37,,Pending,17.3,UPI,6.51,4.49
5d9a8b21-10fa-4dd3-8d55-746c22d9b80f,3e2be0d1-3abe-4ab2-bbd0-c8119e30a948,b417e1b5-f190-4d08-be09-ce3b2d8d2d8f,2024-02-16 23:16:42,,Pending,105.59,Cash,2.1,4.29
41cd9e7b-8bc3-481b-9e79-7054966f24cc,293301b3-e46d-4725-8634-836076813efb,e030ed39-e81e-4ca1-919b-25f8a0e7c2de,2024-10-07 18:02:35,2024-10-07 19:58:35,Delivered,93.16,UPI,17.54,4.74
07e1eb74-045f-4919-aa56-95c11d97a326,4cc2efd8-8a4a-4446-847b-1e8383f165c5,db6f9bc8-cd81-4fe0-ad29-2bea27ae7b47,2024-09-19 09:55:09,,Cancelled,33.72,Credit Card,15.93,2.38
aa4ffb04-7133-447c-9352-f944e33aaf16,fe110556-d07a-4b2f-8917-b611818c07fc,e030ed39-e81e-4ca1-919b-25f8a0e7c2de,2024-02-15 17:01:35,,Cancelled,164.02,UPI,16.36,2.68
5be28d51-f0f2-4964-9d1b-ba243a47e522,f4225bca-651f-482e-967f-a2608b80ed3f,30c3fa39-442f-4b20-9ce2-76189bf7370a,2024-04-24 22:52:19,,Pending,58.47,UPI,15.47,4.84
fb2ea1ae-5fd4-4aec-b909-c1112aaf994a,820dfc6a-67ed-44f3-ab3f-63885c999966,844f0488-8b27-4f18-9754-e20d2016bcd6,2024-04-22 07:39:23,,Cancelled,58.73,Credit Card,0.56,2.99
eb49580a-0ce6-4456-8902-1ff9e407871d,8bb1c791-8d7f-40d3-be72-422f7fafa8b4,05803d68-0fbb-470b-ba25-fbb04cd65686,2024-07-22 04:33:11,,Cancelled,10.4,UPI,9.93,2.26
12e5fa29-f169-4e51-bda0-ec8091d627c6,820dfc6a-67ed-44f3-ab3f-63885c999966,e4eb2ef6-fa7c-441c-af34-450f233d4cfe,2024-10-16 17:36:17,,Pending,173.87,Cash,11.19,3.47
